index,true_label,pred_label
0,BayCar,LagoonCar
1,BayCar,LagoonCar
2,BayCar,LagoonCar
3,BayCar,BayCar
4,BayCar,BayCar
5,BayCar,BayCar
6,BayCar,BayCar
7,SnowCar,ValleyCar
8,SnowCar,ValleyCar
9,SnowCar,BayCar
10,SnowCar,BayCar
11,SnowCar,ValleyCar
12,SnowCar,BayCar
13,SnowCar,BayCar
14,SnowCar,BayCar
15,SnowCar,BayCar
16,SnowCar,BayCar
17,SnowCar,ValleyCar
18,SnowCar,ValleyCar
19,BayCar,BayCar
20,BayCar,LagoonCar
21,BayCar,BayCar
22,BayCar,BayCar
23,BayCar,BayCar
24,RallyCar,BayCar
25,RallyCar,BayCar
26,BayCar,BayCar
27,BayCar,BayCar
28,BayCar,BayCar
29,BayCar,BayCar
30,BayCar,BayCar
31,RallyCar,BayCar
32,RallyCar,BayCar
33,RallyCar,BayCar
34,BayCar,BayCar
35,BayCar,BayCar
36,BayCar,BayCar
37,BayCar,BayCar
38,BayCar,BayCar
39,RallyCar,BayCar
40,BayCar,BayCar
41,BayCar,BayCar
42,BayCar,BayCar
43,BayCar,BayCar
44,BayCar,BayCar
45,RallyCar,BayCar
46,BayCar,BayCar
47,BayCar,BayCar
48,BayCar,BayCar
49,BayCar,BayCar
50,BayCar,BayCar
51,RallyCar,BayCar
52,BayCar,LagoonCar
53,BayCar,BayCar
54,BayCar,BayCar
55,BayCar,BayCar
56,BayCar,BayCar
57,BayCar,BayCar
58,BayCar,BayCar
59,BayCar,BayCar
60,BayCar,BayCar
61,BayCar,BayCar
62,BayCar,BayCar
63,BayCar,BayCar
64,BayCar,BayCar
65,BayCar,BayCar
66,BayCar,BayCar
67,RallyCar,BayCar
68,BayCar,BayCar
69,BayCar,BayCar
70,BayCar,BayCar
71,BayCar,BayCar
72,BayCar,BayCar
73,DesertCar,BayCar
74,BayCar,BayCar
75,BayCar,BayCar
76,DesertCar,BayCar
77,BayCar,BayCar
78,BayCar,BayCar
79,BayCar,BayCar
80,BayCar,BayCar
81,BayCar,BayCar
82,DesertCar,BayCar
83,BayCar,BayCar
84,BayCar,BayCar
85,BayCar,BayCar
86,BayCar,BayCar
87,BayCar,BayCar
88,BayCar,BayCar
89,DesertCar,BayCar
90,BayCar,BayCar
91,BayCar,BayCar
92,BayCar,BayCar
93,BayCar,BayCar
94,BayCar,BayCar
95,DesertCar,BayCar
96,BayCar,BayCar
97,BayCar,BayCar
98,BayCar,BayCar
99,BayCar,BayCar
100,BayCar,BayCar
101,DesertCar,BayCar
102,DesertCar,BayCar
103,BayCar,BayCar
104,BayCar,BayCar
105,BayCar,BayCar
106,BayCar,BayCar
107,BayCar,BayCar
108,BayCar,BayCar
109,BayCar,BayCar
110,BayCar,BayCar
111,BayCar,BayCar
112,BayCar,BayCar
113,BayCar,BayCar
114,BayCar,BayCar
115,BayCar,BayCar
116,BayCar,BayCar
117,BayCar,BayCar
118,BayCar,BayCar
119,BayCar,BayCar
120,BayCar,BayCar
121,BayCar,BayCar
122,BayCar,BayCar
123,BayCar,BayCar
124,BayCar,CoastCar
125,BayCar,CoastCar
126,BayCar,BayCar
127,BayCar,BayCar
128,BayCar,BayCar
129,BayCar,BayCar
130,BayCar,BayCar
131,BayCar,BayCar
132,BayCar,BayCar
133,BayCar,BayCar
134,BayCar,BayCar
135,BayCar,BayCar
136,BayCar,BayCar
137,BayCar,BayCar
138,BayCar,BayCar
139,BayCar,BayCar
140,BayCar,BayCar
141,BayCar,BayCar
142,BayCar,BayCar
143,BayCar,BayCar
144,BayCar,BayCar
145,BayCar,BayCar
146,BayCar,BayCar
147,BayCar,BayCar
148,BayCar,BayCar
149,BayCar,BayCar
150,BayCar,BayCar
151,BayCar,BayCar
152,BayCar,BayCar
153,BayCar,BayCar
154,BayCar,BayCar
155,BayCar,BayCar
156,BayCar,BayCar
157,BayCar,BayCar
158,BayCar,BayCar
159,BayCar,BayCar
160,BayCar,BayCar
161,BayCar,BayCar
162,BayCar,BayCar
163,BayCar,BayCar
164,BayCar,BayCar
165,BayCar,BayCar
166,BayCar,BayCar
167,BayCar,BayCar
168,BayCar,BayCar
169,BayCar,BayCar
170,BayCar,BayCar
171,BayCar,BayCar
172,BayCar,BayCar
173,BayCar,BayCar
174,BayCar,BayCar
175,BayCar,BayCar
176,BayCar,BayCar
177,BayCar,BayCar
178,BayCar,BayCar
179,BayCar,BayCar
180,BayCar,BayCar
181,BayCar,BayCar
182,BayCar,BayCar
183,BayCar,BayCar
184,BayCar,ValleyCar
185,BayCar,BayCar
186,BayCar,BayCar
187,LagoonCar,BayCar
188,LagoonCar,BayCar
189,CanyonCar,BayCar
190,LagoonCar,BayCar
191,LagoonCar,BayCar
192,CanyonCar,BayCar
193,LagoonCar,BayCar
194,CanyonCar,LagoonCar
195,LagoonCar,LagoonCar
196,LagoonCar,LagoonCar
197,ValleyCar,LagoonCar
198,LagoonCar,LagoonCar
199,LagoonCar,BayCar
200,ValleyCar,LagoonCar
201,LagoonCar,BayCar
202,LagoonCar,BayCar
203,LagoonCar,BayCar
204,LagoonCar,LagoonCar
205,LagoonCar,LagoonCar
206,ValleyCar,LagoonCar
207,LagoonCar,LagoonCar
208,LagoonCar,LagoonCar
209,ValleyCar,LagoonCar
210,LagoonCar,ValleyCar
211,LagoonCar,LagoonCar
212,LagoonCar,LagoonCar
213,ValleyCar,BayCar
214,LagoonCar,BayCar
215,LagoonCar,BayCar
216,ValleyCar,BayCar
217,ValleyCar,BayCar
218,ValleyCar,BayCar
219,ValleyCar,ValleyCar
220,ValleyCar,BayCar
221,ValleyCar,BayCar
222,ValleyCar,BayCar
223,ValleyCar,BayCar
224,ValleyCar,BayCar
225,ValleyCar,BayCar
226,ValleyCar,BayCar
227,ValleyCar,BayCar
228,ValleyCar,BayCar
229,ValleyCar,BayCar
230,ValleyCar,BayCar
231,ValleyCar,BayCar
232,LagoonCar,BayCar
233,ValleyCar,BayCar
234,LagoonCar,BayCar
235,LagoonCar,BayCar
236,ValleyCar,BayCar
237,ValleyCar,LagoonCar
238,LagoonCar,LagoonCar
239,LagoonCar,LagoonCar
240,ValleyCar,LagoonCar
241,LagoonCar,LagoonCar
242,ValleyCar,LagoonCar
243,LagoonCar,LagoonCar
244,LagoonCar,LagoonCar
245,ValleyCar,LagoonCar
246,LagoonCar,LagoonCar
247,ValleyCar,LagoonCar
248,LagoonCar,LagoonCar
249,LagoonCar,LagoonCar
250,LagoonCar,BayCar
251,LagoonCar,BayCar
252,LagoonCar,BayCar
253,LagoonCar,CoastCar
254,LagoonCar,CoastCar
255,ValleyCar,CoastCar
256,LagoonCar,BayCar
257,LagoonCar,BayCar
258,LagoonCar,BayCar
259,LagoonCar,LagoonCar
260,LagoonCar,LagoonCar
261,LagoonCar,LagoonCar
262,LagoonCar,LagoonCar
263,LagoonCar,BayCar
264,LagoonCar,BayCar
265,LagoonCar,BayCar
266,LagoonCar,BayCar
267,LagoonCar,BayCar
268,LagoonCar,BayCar
269,LagoonCar,BayCar
270,LagoonCar,BayCar
271,LagoonCar,BayCar
272,LagoonCar,BayCar
273,LagoonCar,BayCar
274,LagoonCar,BayCar
275,LagoonCar,BayCar
276,LagoonCar,LagoonCar
277,LagoonCar,BayCar
278,LagoonCar,BayCar
279,LagoonCar,LagoonCar
280,LagoonCar,LagoonCar
281,LagoonCar,LagoonCar
282,LagoonCar,LagoonCar
283,LagoonCar,LagoonCar
284,LagoonCar,LagoonCar
285,LagoonCar,BayCar
286,LagoonCar,BayCar
287,LagoonCar,BayCar
288,LagoonCar,BayCar
289,LagoonCar,LagoonCar
290,LagoonCar,LagoonCar
291,LagoonCar,LagoonCar
292,LagoonCar,LagoonCar
293,LagoonCar,LagoonCar
294,LagoonCar,LagoonCar
295,IslandCar,LagoonCar
296,IslandCar,LagoonCar
297,LagoonCar,LagoonCar
298,IslandCar,BayCar
299,IslandCar,BayCar
300,LagoonCar,BayCar
301,IslandCar,BayCar
302,IslandCar,IslandCar
303,IslandCar,BayCar
304,BayCar,BayCar
305,BayCar,BayCar
306,BayCar,BayCar
307,BayCar,BayCar
308,BayCar,BayCar
309,BayCar,CoastCar
310,BayCar,BayCar
311,BayCar,BayCar
312,BayCar,BayCar
313,BayCar,CoastCar
314,BayCar,CoastCar
315,BayCar,BayCar
316,BayCar,BayCar
317,BayCar,BayCar
318,BayCar,BayCar
319,BayCar,BayCar
320,BayCar,BayCar
321,BayCar,BayCar
322,BayCar,BayCar
323,BayCar,BayCar
324,BayCar,BayCar
325,BayCar,BayCar
326,BayCar,BayCar
327,BayCar,BayCar
328,BayCar,BayCar
329,BayCar,BayCar
330,BayCar,BayCar
331,BayCar,BayCar
332,BayCar,BayCar
333,BayCar,BayCar
334,BayCar,BayCar
335,BayCar,BayCar
336,BayCar,BayCar
337,BayCar,BayCar
338,BayCar,BayCar
339,BayCar,BayCar
340,BayCar,BayCar
341,BayCar,BayCar
342,BayCar,BayCar
343,BayCar,BayCar
344,BayCar,BayCar
345,BayCar,BayCar
346,BayCar,BayCar
347,BayCar,BayCar
348,BayCar,BayCar
349,BayCar,BayCar
350,BayCar,BayCar
351,BayCar,BayCar
352,BayCar,BayCar
353,BayCar,BayCar
354,BayCar,BayCar
355,BayCar,BayCar
356,BayCar,BayCar
357,BayCar,BayCar
358,BayCar,BayCar
359,BayCar,BayCar
360,BayCar,BayCar
361,BayCar,BayCar
362,BayCar,BayCar
363,BayCar,IslandCar
364,BayCar,IslandCar
365,BayCar,IslandCar
366,BayCar,IslandCar
367,BayCar,IslandCar
368,BayCar,BayCar
369,BayCar,IslandCar
370,BayCar,IslandCar
371,BayCar,IslandCar
372,BayCar,BayCar
373,BayCar,BayCar
374,BayCar,IslandCar
375,BayCar,BayCar
376,BayCar,BayCar
377,BayCar,BayCar
378,BayCar,BayCar
379,BayCar,BayCar
380,BayCar,BayCar
381,BayCar,BayCar
382,BayCar,BayCar
383,BayCar,BayCar
384,BayCar,BayCar
385,BayCar,BayCar
386,BayCar,BayCar
387,BayCar,BayCar
388,BayCar,BayCar
389,BayCar,BayCar
390,BayCar,BayCar
391,BayCar,BayCar
392,BayCar,BayCar
393,BayCar,BayCar
394,BayCar,BayCar
395,BayCar,BayCar
396,BayCar,BayCar
397,BayCar,BayCar
398,BayCar,BayCar
399,BayCar,BayCar
400,BayCar,BayCar
401,BayCar,BayCar
402,BayCar,BayCar
403,BayCar,BayCar
404,BayCar,BayCar
405,BayCar,BayCar
406,BayCar,BayCar
407,BayCar,BayCar
408,BayCar,BayCar
409,BayCar,BayCar
410,BayCar,BayCar
411,BayCar,BayCar
412,BayCar,BayCar
413,BayCar,BayCar
414,BayCar,BayCar
415,BayCar,BayCar
416,BayCar,BayCar
417,BayCar,BayCar
418,BayCar,BayCar
419,BayCar,BayCar
420,BayCar,BayCar
421,BayCar,BayCar
422,BayCar,BayCar
423,BayCar,BayCar
424,BayCar,BayCar
425,BayCar,BayCar
426,BayCar,BayCar
427,BayCar,BayCar
428,BayCar,BayCar
429,BayCar,BayCar
430,BayCar,BayCar
431,BayCar,BayCar
432,BayCar,BayCar
433,BayCar,BayCar
434,BayCar,BayCar
435,BayCar,BayCar
436,BayCar,BayCar
437,BayCar,BayCar
438,BayCar,BayCar
439,BayCar,BayCar
440,BayCar,BayCar
441,BayCar,BayCar
442,BayCar,BayCar
443,BayCar,BayCar
444,BayCar,BayCar
445,BayCar,BayCar
446,BayCar,BayCar
447,BayCar,BayCar
448,BayCar,BayCar
449,BayCar,BayCar
450,BayCar,BayCar
451,SnowCar,BayCar
452,SnowCar,SnowCar
453,IslandCar,BayCar
454,IslandCar,BayCar
455,IslandCar,BayCar
456,IslandCar,BayCar
457,IslandCar,BayCar
458,IslandCar,BayCar
459,IslandCar,BayCar
460,IslandCar,BayCar
461,IslandCar,BayCar
462,IslandCar,BayCar
463,IslandCar,BayCar
464,IslandCar,BayCar
465,IslandCar,BayCar
466,IslandCar,IslandCar
467,IslandCar,IslandCar
468,IslandCar,IslandCar
469,IslandCar,IslandCar
470,IslandCar,IslandCar
471,IslandCar,IslandCar
472,IslandCar,IslandCar
473,IslandCar,IslandCar
474,IslandCar,IslandCar
475,IslandCar,IslandCar
476,IslandCar,IslandCar
477,IslandCar,IslandCar
478,IslandCar,IslandCar
479,IslandCar,IslandCar
480,IslandCar,IslandCar
481,IslandCar,IslandCar
482,IslandCar,IslandCar
483,IslandCar,IslandCar
484,IslandCar,IslandCar
485,IslandCar,IslandCar
486,IslandCar,IslandCar
487,ValleyCar,BayCar
488,ValleyCar,BayCar
489,ValleyCar,BayCar
490,ValleyCar,BayCar
491,ValleyCar,BayCar
492,ValleyCar,BayCar
493,ValleyCar,BayCar
494,ValleyCar,BayCar
495,ValleyCar,BayCar
496,ValleyCar,BayCar
497,ValleyCar,BayCar
498,SnowCar,BayCar
499,SnowCar,BayCar
500,SnowCar,BayCar
501,SnowCar,ValleyCar
502,SnowCar,ValleyCar
503,SnowCar,ValleyCar
504,SnowCar,ValleyCar
505,SnowCar,ValleyCar
506,SnowCar,ValleyCar
507,SnowCar,ValleyCar
508,SnowCar,BayCar
